municipality_code,municipality,county_code,population
0114,Upplands Väsby,01,50495
0115,Vallentuna,01,35361
0117,Österåker,01,49943
0120,Värmdö,01,46601
0123,Järfälla,01,90180
0125,Ekerö,01,29062
0126,Huddinge,01,114686
0127,Botkyrka,01,96750
0128,Salem,01,17370
0136,Haninge,01,101408
0138,Tyresö,01,49645
0139,Upplands-Bro,01,33333
0140,Nykvarn,01,12384
0160,Täby,01,78514
0162,Danderyd,01,32500
0163,Sollentuna,01,78033
0180,Stockholm,01,999239
0181,Södertälje,01,102772
0182,Nacka,01,113730
0183,Sundbyberg,01,57000
0184,Solna,01,86435
0186,Lidingö,01,48369
0187,Vaxholm,01,11636
0188,Norrtälje,01,66832
0191,Sigtuna,01,53365
0192,Nynäshamn,01,30610
0305,Håbo,03,23252
0319,Älvkarleby,03,9573
0330,Knivsta,03,21733
0331,Heby,03,14275
0360,Tierp,03,21028
0380,Uppsala,03,249726
0381,Enköping,03,48804
0382,Östhammar,03,22181
0428,Vingåker,04,8666
0461,Gnesta,04,11343
0480,Nyköping,04,58310
0481,Oxelösund,04,11962
0482,Flen,04,15095
0483,Katrineholm,04,33984
0484,Eskilstuna,04,106789
0486,Strängnäs,04,39387
0488,Trosa,04,14900
0509,Ödeshög,05,5221
0512,Ydre,05,3619
0513,Kinda,05,9924
0560,Boxholm,05,5451
0561,Åtvidaberg,05,11490
0562,Finspång,05,21502
0563,Valdemarsvik,05,7526
0580,Linköping,05,168714
0581,Norrköping,05,144904
0582,Söderköping,05,14741
0583,Motala,05,43131
0584,Vadstena,05,7484
0586,Mjölby,05,28823
0604,Aneby,06,6851
0617,Gnosjö,06,9010
0642,Mullsjö,06,7546
0643,Habo,06,13511
0662,Gislaved,06,28641
0665,Vaggeryd,06,14943
0680,Jönköping,06,148152
0682,Nässjö,06,31474
0683,Värnamo,06,34534
0684,Sävsjö,06,11531
0685,Vetlanda,06,27313
0686,Eksjö,06,17660
0687,Tranås,06,18555
0760,Uppvidinge,07,8911
0761,Lessebo,07,8115
0763,Tingsryd,07,11896
0764,Alvesta,07,19687
0765,Älmhult,07,17579
0767,Markaryd,07,9862
0780,Växjö,07,98940
0781,Ljungby,07,28132
0821,Högsby,08,5134
0834,Torsås,08,6919
0840,Mörbylånga,08,16306
0860,Hultsfred,08,13484
0861,Mönsterås,08,12978
0862,Emmaboda,08,8807
0880,Kalmar,08,73068
0881,Nybro,08,19803
0882,Oskarshamn,08,26762
0883,Västervik,08,36269
0884,Vimmerby,08,15327
0885,Borgholm,08,10626
0980,Gotland,09,60852
1060,Olofström,10,12844
1080,Karlskrona,10,66021
1081,Ronneby,10,28708
1082,Karlshamn,10,31642
1083,Sölvesborg,10,17405
1214,Svalöv,12,14474
1230,Staffanstorp,12,27482
1231,Burlöv,12,20444
1233,Vellinge,12,37833
1256,Östra Göinge,12,13718
1257,Örkelljunga,12,10293
1260,Bjuv,12,16052
1261,Kävlinge,12,32655
1262,Lomma,12,24677
1263,Svedala,12,23714
1264,Skurup,12,17139
1265,Sjöbo,12,19397
1266,Hörby,12,15559
1267,Höör,12,17680
1270,Tomelilla,12,13669
1272,Bromölla,12,12497
1273,Osby,12,12861
1275,Perstorp,12,7115
1276,Klippan,12,17713
1277,Åstorp,12,16491
1278,Båstad,12,16046
1280,Malmö,12,367924
1281,Lund,12,132333
1282,Landskrona,12,47571
1283,Helsingborg,12,152776
1284,Höganäs,12,28489
1285,Eslöv,12,35126
1286,Ystad,12,32188
1287,Trelleborg,12,47405
1290,Kristianstad,12,85908
1291,Simrishamn,12,18779
1292,Ängelholm,12,45159
1293,Hässleholm,12,51915
1315,Hylte,13,10094
1380,Halmstad,13,106315
1381,Laholm,13,26565
1382,Falkenberg,13,47321
1383,Varberg,13,69460
1384,Kungsbacka,13,86332
1401,Härryda,14,40011
1402,Partille,14,41164
1407,Öckerö,14,12863
1415,Stenungsund,14,27854
1419,Tjörn,14,16003
1421,Orust,14,15363
1427,Sotenäs,14,9036
1430,Munkedal,14,10272
1435,Tanum,14,12677
1438,Dals-Ed,14,4571
1439,Färgelanda,14,6288
1440,Ale,14,32620
1441,Lerum,14,43752
1442,Vårgårda,14,12472
1443,Bollebygd,14,9784
1444,Grästorp,14,5602
1445,Essunga,14,5559
1446,Karlsborg,14,7047
1447,Gullspång,14,4949
1452,Tranemo,14,11873
1460,Bengtsfors,14,8955
1461,Mellerud,14,9038
1462,Lilla Edet,14,14398
1463,Mark,14,35134
1465,Svenljunga,14,10616
1466,Herrljunga,14,9509
1470,Vara,14,16011
1471,Götene,14,13223
1472,Tibro,14,11326
1473,Töreboda,14,9093
1480,Göteborg,14,613278
1481,Mölndal,14,72128
1482,Kungälv,14,50496
1484,Lysekil,14,13796
1485,Uddevalla,14,56744
1486,Strömstad,14,13557
1487,Vänersborg,14,40078
1488,Trollhättan,14,59265
1489,Alingsås,14,42861
1490,Borås,14,115238
1491,Ulricehamn,14,24954
1492,Åmål,14,11679
1493,Mariestad,14,24421
1494,Lidköping,14,40359
1495,Skara,14,18753
1496,Skövde,14,58272
1497,Hjo,14,9322
1498,Tidaholm,14,12736
1499,Falköping,14,32794
1715,Kil,17,12024
1730,Eda,17,8289
1737,Torsby,17,11278
1760,Storfors,17,3777
1761,Hammarö,17,16932
1762,Munkfors,17,3637
1763,Forshaga,17,11439
1764,Grums,17,8854
1765,Årjäng,17,9734
1766,Sunne,17,13354
1780,Karlstad,17,99007
1781,Kristinehamn,17,23590
1782,Filipstad,17,9625
1783,Hagfors,17,11324
1784,Arvika,17,25408
1785,Säffle,17,14756
1814,Lekeberg,18,8608
1860,Laxå,18,5397
1861,Hallsberg,18,16082
1862,Degerfors,18,9237
1863,Hällefors,18,6269
1864,Ljusnarsberg,18,4290
1880,Örebro,18,160687
1881,Kumla,18,22665
1882,Askersund,18,11382
1883,Karlskoga,18,30128
1884,Nora,18,10603
1885,Lindesberg,18,23014
1904,Skinnskatteberg,19,4234
1907,Surahammar,19,9733
1960,Kungsör,19,8550
1961,Hallstahammar,19,16600
1962,Norberg,19,5351
1980,Västerås,19,161240
1981,Sala,19,22600
1982,Fagersta,19,12915
1983,Köping,19,25610
1984,Arboga,19,13929
2021,Vansbro,20,6741
2023,Malung-Sälen,20,10192
2026,Gagnef,20,10307
2029,Leksand,20,16167
2031,Rättvik,20,10978
2034,Orsa,20,6902
2039,Älvdalen,20,6831
2061,Smedjebacken,20,10758
2062,Mora,20,20419
2080,Falun,20,59974
2081,Borlänge,20,51354
2082,Säter,20,11222
2083,Hedemora,20,15025
2084,Avesta,20,22366
2085,Ludvika,20,26812
2101,Ockelbo,21,5715
2104,Hofors,21,9138
2121,Ovanåker,21,11272
2132,Nordanstig,21,9284
2161,Ljusdal,21,18377
2180,Gävle,21,104108
2181,Sandviken,21,38033
2182,Söderhamn,21,24163
2183,Bollnäs,21,26018
2184,Hudiksvall,21,37341
2260,Ånge,22,9000
2262,Timrå,22,17465
2280,Härnösand,22,24348
2281,Sundsvall,22,98962
2282,Kramfors,22,17390
2283,Sollefteå,22,18138
2284,Örnsköldsvik,22,55338
2303,Ragunda,23,5152
2305,Bräcke,23,5950
2309,Krokom,23,15795
2313,Strömsund,23,10904
2321,Åre,23,12770
2326,Berg,23,7085
2361,Härjedalen,23,10117
2380,Östersund,23,64963
2401,Nordmaling,24,6905
2403,Bjurholm,24,2327
2404,Vindeln,24,5421
2409,Robertsfors,24,6595
2417,Norsjö,24,3811
2418,Malå,24,2902
2421,Storuman,24,5543
2422,Sorsele,24,2362
2425,Dorotea,24,2241
2460,Vännäs,24,9225
2462,Vilhelmina,24,6172
2463,Åsele,24,2683
2480,Umeå,24,135273
2481,Lycksele,24,12159
2482,Skellefteå,24,75405
2505,Arvidsjaur,25,6026
2506,Arjeplog,25,2570
2510,Jokkmokk,25,4695
2513,Överkalix,25,3183
2514,Kalix,25,15252
2518,Övertorneå,25,3995
2521,Pajala,25,5706
2523,Gällivare,25,17135
2560,Älvsbyn,25,7815
2580,Luleå,25,80304
2581,Piteå,25,42184
2582,Boden,25,28624
2583,Haparanda,25,9027
2584,Kiruna,25,22402
